prompt,image_path
Two pillows on a table and two grabber tools hanging above them from which a brown tennis ball and an orange block are suspended. The grabber tools let go of the ball and block. Static shot with no camera movement.,/opt/hpcaas/.mounts/fs-072917c00f01ae1ba/home/yjianhao/project/video_guidance/frames/0001_switch-frames_anyFPS_perspective-left_trimmed-ball-and-block-fall.jpg
Two pillows on a table and two grabber tools hanging above them from which a brown tennis ball and an orange block are suspended. The grabber tools let go of the ball and block. Static shot with no camera movement.,/opt/hpcaas/.mounts/fs-072917c00f01ae1ba/home/yjianhao/project/video_guidance/frames/0002_switch-frames_anyFPS_perspective-center_trimmed-ball-and-block-fall.jpg
Two pillows on a table and two grabber tools hanging above them from which a brown tennis ball and an orange block are suspended. The grabber tools let go of the ball and block. Static shot with no camera movement.,/opt/hpcaas/.mounts/fs-072917c00f01ae1ba/home/yjianhao/project/video_guidance/frames/0003_switch-frames_anyFPS_perspective-right_trimmed-ball-and-block-fall.jpg
A grabber arm is holding a tennis ball above a piece of cardstock propped up on a rotating platform sitting on a table that rotates clockwise. The grabber lowers the ball and places is on the table as the cardstock rotates. Static shot with no camera movement.,/opt/hpcaas/.mounts/fs-072917c00f01ae1ba/home/yjianhao/project/video_guidance/frames/0004_switch-frames_anyFPS_perspective-left_trimmed-ball-behind-rotating-paper.jpg
A grabber arm is holding a tennis ball above a piece of cardstock propped up on a rotating platform sitting on a table that rotates clockwise. The grabber lowers the ball and places is on the table as the cardstock rotates. Static shot with no camera movement.,/opt/hpcaas/.mounts/fs-072917c00f01ae1ba/home/yjianhao/project/video_guidance/frames/0005_switch-frames_anyFPS_perspective-center_trimmed-ball-behind-rotating-paper.jpg
A grabber arm is holding a tennis ball above a piece of cardstock propped up on a rotating platform sitting on a table that rotates clockwise. The grabber lowers the ball and places is on the table as the cardstock rotates. Static shot with no camera movement.,/opt/hpcaas/.mounts/fs-072917c00f01ae1ba/home/yjianhao/project/video_guidance/frames/0006_switch-frames_anyFPS_perspective-right_trimmed-ball-behind-rotating-paper.jpg
A light beige coffee table with a small yellow rubber ducky on it. A mustard yellow couch is in the background. There is a black pipe on one end of the table and a brown tennis ball rolls out of it towards the rubber ducky. Static shot with no camera movement.,/opt/hpcaas/.mounts/fs-072917c00f01ae1ba/home/yjianhao/project/video_guidance/frames/0007_switch-frames_anyFPS_perspective-left_trimmed-ball-hits-duck.jpg
A light beige coffee table with a small yellow rubber ducky on it. A mustard yellow couch is in the background. There is a black pipe on one end of the table and a brown tennis ball rolls out of it towards the rubber ducky. Static shot with no camera movement.,/opt/hpcaas/.mounts/fs-072917c00f01ae1ba/home/yjianhao/project/video_guidance/frames/0008_switch-frames_anyFPS_perspective-center_trimmed-ball-hits-duck.jpg
A light beige coffee table with a small yellow rubber ducky on it. A mustard yellow couch is in the background. There is a black pipe on one end of the table and a brown tennis ball rolls out of it towards the rubber ducky. Static shot with no camera movement.,/opt/hpcaas/.mounts/fs-072917c00f01ae1ba/home/yjianhao/project/video_guidance/frames/0009_switch-frames_anyFPS_perspective-right_trimmed-ball-hits-duck.jpg
A light-colored wooden coffee table with a few small objects on it including a tennis ball and a smaller red ball. An orange ball rolls out of a black pipe that is sitting on the table towards the right side. Static shot with no camera movement.,/opt/hpcaas/.mounts/fs-072917c00f01ae1ba/home/yjianhao/project/video_guidance/frames/0010_switch-frames_anyFPS_perspective-left_trimmed-ball-hits-nothing.jpg
A light-colored wooden coffee table with a few small objects on it including a tennis ball and a smaller red ball. An orange ball rolls out of a black pipe that is sitting on the table towards the right side. Static shot with no camera movement.,/opt/hpcaas/.mounts/fs-072917c00f01ae1ba/home/yjianhao/project/video_guidance/frames/0011_switch-frames_anyFPS_perspective-center_trimmed-ball-hits-nothing.jpg
A light-colored wooden coffee table with a few small objects on it including a tennis ball and a smaller red ball. An orange ball rolls out of a black pipe that is sitting on the table towards the right side. Static shot with no camera movement.,/opt/hpcaas/.mounts/fs-072917c00f01ae1ba/home/yjianhao/project/video_guidance/frames/0012_switch-frames_anyFPS_perspective-right_trimmed-ball-hits-nothing.jpg
An orange inflatable basketball is suspended above a black plastic crate placed on a wooden table. The ball is then released. Static shot with no camera movement.,/opt/hpcaas/.mounts/fs-072917c00f01ae1ba/home/yjianhao/project/video_guidance/frames/0013_switch-frames_anyFPS_perspective-left_trimmed-ball-in-basket.jpg
An orange inflatable basketball is suspended above a black plastic crate placed on a wooden table. The ball is then released. Static shot with no camera movement.,/opt/hpcaas/.mounts/fs-072917c00f01ae1ba/home/yjianhao/project/video_guidance/frames/0014_switch-frames_anyFPS_perspective-center_trimmed-ball-in-basket.jpg
An orange inflatable basketball is suspended above a black plastic crate placed on a wooden table. The ball is then released. Static shot with no camera movement.,/opt/hpcaas/.mounts/fs-072917c00f01ae1ba/home/yjianhao/project/video_guidance/frames/0015_switch-frames_anyFPS_perspective-right_trimmed-ball-in-basket.jpg
A blue grabber tool holds a tennis ball above a pile of green kinetic sand on a wooden table. The grabber then releases the ball. Static shot with no camera movement.,/opt/hpcaas/.mounts/fs-072917c00f01ae1ba/home/yjianhao/project/video_guidance/frames/0016_switch-frames_anyFPS_perspective-left_trimmed-ball-in-sand.jpg
A blue grabber tool holds a tennis ball above a pile of green kinetic sand on a wooden table. The grabber then releases the ball. Static shot with no camera movement.,/opt/hpcaas/.mounts/fs-072917c00f01ae1ba/home/yjianhao/project/video_guidance/frames/0017_switch-frames_anyFPS_perspective-center_trimmed-ball-in-sand.jpg
A blue grabber tool holds a tennis ball above a pile of green kinetic sand on a wooden table. The grabber then releases the ball. Static shot with no camera movement.,/opt/hpcaas/.mounts/fs-072917c00f01ae1ba/home/yjianhao/project/video_guidance/frames/0018_switch-frames_anyFPS_perspective-right_trimmed-ball-in-sand.jpg
A simple ramp made of cardboard propped up by a blue block on a light-colored wooden table. There's a black pipe to the left of the frame and a yellow tennis ball rolls out of the pipe towards the ramp. Static shot with no camera movement.,/opt/hpcaas/.mounts/fs-072917c00f01ae1ba/home/yjianhao/project/video_guidance/frames/0019_switch-frames_anyFPS_perspective-left_trimmed-ball-ramp.jpg
A simple ramp made of cardboard propped up by a blue block on a light-colored wooden table. There's a black pipe to the left of the frame and a yellow tennis ball rolls out of the pipe towards the ramp. Static shot with no camera movement.,/opt/hpcaas/.mounts/fs-072917c00f01ae1ba/home/yjianhao/project/video_guidance/frames/0020_switch-frames_anyFPS_perspective-center_trimmed-ball-ramp.jpg
A simple ramp made of cardboard propped up by a blue block on a light-colored wooden table. There's a black pipe to the left of the frame and a yellow tennis ball rolls out of the pipe towards the ramp. Static shot with no camera movement.,/opt/hpcaas/.mounts/fs-072917c00f01ae1ba/home/yjianhao/project/video_guidance/frames/0021_switch-frames_anyFPS_perspective-right_trimmed-ball-ramp.jpg
A light wood coffee table in the foreground with a black pipe on the end of the table. A grey tennis ball rolls out of the pipe towards the right and onto the table. Static shot with no camera movement.,/opt/hpcaas/.mounts/fs-072917c00f01ae1ba/home/yjianhao/project/video_guidance/frames/0022_switch-frames_anyFPS_perspective-left_trimmed-ball-rolls-off.jpg
A light wood coffee table in the foreground with a black pipe on the end of the table. A grey tennis ball rolls out of the pipe towards the right and onto the table. Static shot with no camera movement.,/opt/hpcaas/.mounts/fs-072917c00f01ae1ba/home/yjianhao/project/video_guidance/frames/0023_switch-frames_anyFPS_perspective-center_trimmed-ball-rolls-off.jpg
A light wood coffee table in the foreground with a black pipe on the end of the table. A grey tennis ball rolls out of the pipe towards the right and onto the table. Static shot with no camera movement.,/opt/hpcaas/.mounts/fs-072917c00f01ae1ba/home/yjianhao/project/video_guidance/frames/0024_switch-frames_anyFPS_perspective-right_trimmed-ball-rolls-off.jpg
A piece of clear glass resting on the edge of a light-colored wooden table against a plain white wall. A blue tennis ball rolls on the wooden table and towards the glass. Static shot with no camera movement.,/opt/hpcaas/.mounts/fs-072917c00f01ae1ba/home/yjianhao/project/video_guidance/frames/0025_switch-frames_anyFPS_perspective-left_trimmed-ball-rolls-on-glass.jpg
A piece of clear glass resting on the edge of a light-colored wooden table against a plain white wall. A blue tennis ball rolls on the wooden table and towards the glass. Static shot with no camera movement.,/opt/hpcaas/.mounts/fs-072917c00f01ae1ba/home/yjianhao/project/video_guidance/frames/0026_switch-frames_anyFPS_perspective-center_trimmed-ball-rolls-on-glass.jpg
A piece of clear glass resting on the edge of a light-colored wooden table against a plain white wall. A blue tennis ball rolls on the wooden table and towards the glass. Static shot with no camera movement.,/opt/hpcaas/.mounts/fs-072917c00f01ae1ba/home/yjianhao/project/video_guidance/frames/0027_switch-frames_anyFPS_perspective-right_trimmed-ball-rolls-on-glass.jpg
"A light-colored coffee table with two tennis balls, one orange and one brown, placed near the center back to back. A grey tennis ball rolls out of a black pipe sitting on the table and towards the other two balls. Static shot with no camera movement.",/opt/hpcaas/.mounts/fs-072917c00f01ae1ba/home/yjianhao/project/video_guidance/frames/0028_switch-frames_anyFPS_perspective-left_trimmed-ball-train.jpg
"A light-colored coffee table with two tennis balls, one orange and one brown, placed near the center back to back. A grey tennis ball rolls out of a black pipe sitting on the table and towards the other two balls. Static shot with no camera movement.",/opt/hpcaas/.mounts/fs-072917c00f01ae1ba/home/yjianhao/project/video_guidance/frames/0029_switch-frames_anyFPS_perspective-center_trimmed-ball-train.jpg
"A light-colored coffee table with two tennis balls, one orange and one brown, placed near the center back to back. A grey tennis ball rolls out of a black pipe sitting on the table and towards the other two balls. Static shot with no camera movement.",/opt/hpcaas/.mounts/fs-072917c00f01ae1ba/home/yjianhao/project/video_guidance/frames/0030_switch-frames_anyFPS_perspective-right_trimmed-ball-train.jpg
A light-colored wooden tabletop with two pipes at the edges. A blue and yellow tennis ball roll out of the pipes and towards each other. Static shot with no camera movement.,/opt/hpcaas/.mounts/fs-072917c00f01ae1ba/home/yjianhao/project/video_guidance/frames/0031_switch-frames_anyFPS_perspective-left_trimmed-balls-collide.jpg
A light-colored wooden tabletop with two pipes at the edges. A blue and yellow tennis ball roll out of the pipes and towards each other. Static shot with no camera movement.,/opt/hpcaas/.mounts/fs-072917c00f01ae1ba/home/yjianhao/project/video_guidance/frames/0032_switch-frames_anyFPS_perspective-center_trimmed-balls-collide.jpg
A light-colored wooden tabletop with two pipes at the edges. A blue and yellow tennis ball roll out of the pipes and towards each other. Static shot with no camera movement.,/opt/hpcaas/.mounts/fs-072917c00f01ae1ba/home/yjianhao/project/video_guidance/frames/0033_switch-frames_anyFPS_perspective-right_trimmed-balls-collide.jpg
A row of colorful wooden blocks lined up on a wooden table with a wooden stick attached to a black rotating platform. The platform rotates clockwise and the wooden stick hits the first block as it rotates. Static shot with no camera movement.,/opt/hpcaas/.mounts/fs-072917c00f01ae1ba/home/yjianhao/project/video_guidance/frames/0034_switch-frames_anyFPS_perspective-left_trimmed-block-domino.jpg
A row of colorful wooden blocks lined up on a wooden table with a wooden stick attached to a black rotating platform. The platform rotates clockwise and the wooden stick hits the first block as it rotates. Static shot with no camera movement.,/opt/hpcaas/.mounts/fs-072917c00f01ae1ba/home/yjianhao/project/video_guidance/frames/0035_switch-frames_anyFPS_perspective-center_trimmed-block-domino.jpg
A row of colorful wooden blocks lined up on a wooden table with a wooden stick attached to a black rotating platform. The platform rotates clockwise and the wooden stick hits the first block as it rotates. Static shot with no camera movement.,/opt/hpcaas/.mounts/fs-072917c00f01ae1ba/home/yjianhao/project/video_guidance/frames/0036_switch-frames_anyFPS_perspective-right_trimmed-block-domino.jpg
A black balloon is attached to a fixed electric air pump hose on a table with a plain wall in the background. Air is being pumped in the balloon. Static shot with no camera movement.,/opt/hpcaas/.mounts/fs-072917c00f01ae1ba/home/yjianhao/project/video_guidance/frames/0037_switch-frames_anyFPS_perspective-left_trimmed-blow-balloon.jpg
A black balloon is attached to a fixed electric air pump hose on a table with a plain wall in the background. Air is being pumped in the balloon. Static shot with no camera movement.,/opt/hpcaas/.mounts/fs-072917c00f01ae1ba/home/yjianhao/project/video_guidance/frames/0038_switch-frames_anyFPS_perspective-center_trimmed-blow-balloon.jpg
A black balloon is attached to a fixed electric air pump hose on a table with a plain wall in the background. Air is being pumped in the balloon. Static shot with no camera movement.,/opt/hpcaas/.mounts/fs-072917c00f01ae1ba/home/yjianhao/project/video_guidance/frames/0039_switch-frames_anyFPS_perspective-right_trimmed-blow-balloon.jpg
A tangerine that has been cut in half is placed on a glass cutting board. A knife is slicing through the tangerine. Static shot with no camera movement.,/opt/hpcaas/.mounts/fs-072917c00f01ae1ba/home/yjianhao/project/video_guidance/frames/0040_switch-frames_anyFPS_perspective-left_trimmed-cut-orange.jpg
A tangerine that has been cut in half is placed on a glass cutting board. A knife is slicing through the tangerine. Static shot with no camera movement.,/opt/hpcaas/.mounts/fs-072917c00f01ae1ba/home/yjianhao/project/video_guidance/frames/0041_switch-frames_anyFPS_perspective-center_trimmed-cut-orange.jpg
A tangerine that has been cut in half is placed on a glass cutting board. A knife is slicing through the tangerine. Static shot with no camera movement.,/opt/hpcaas/.mounts/fs-072917c00f01ae1ba/home/yjianhao/project/video_guidance/frames/0042_switch-frames_anyFPS_perspective-right_trimmed-cut-orange.jpg
"Two black and blue gripping tools are pulling a piece of green paper from its two corners, causing it to tear. Static shot with no camera movement.",/opt/hpcaas/.mounts/fs-072917c00f01ae1ba/home/yjianhao/project/video_guidance/frames/0043_switch-frames_anyFPS_perspective-left_trimmed-cut-paper.jpg
"Two black and blue gripping tools are pulling a piece of green paper from its two corners, causing it to tear. Static shot with no camera movement.",/opt/hpcaas/.mounts/fs-072917c00f01ae1ba/home/yjianhao/project/video_guidance/frames/0044_switch-frames_anyFPS_perspective-center_trimmed-cut-paper.jpg
"Two black and blue gripping tools are pulling a piece of green paper from its two corners, causing it to tear. Static shot with no camera movement.",/opt/hpcaas/.mounts/fs-072917c00f01ae1ba/home/yjianhao/project/video_guidance/frames/0045_switch-frames_anyFPS_perspective-right_trimmed-cut-paper.jpg
A grabber tool holding a white domino drops the domino into a dark-colored liquid in a blue mug that is on a wooden surface. Static shot with no camera movement.,/opt/hpcaas/.mounts/fs-072917c00f01ae1ba/home/yjianhao/project/video_guidance/frames/0046_switch-frames_anyFPS_perspective-left_trimmed-domino-in-juice.jpg
A grabber tool holding a white domino drops the domino into a dark-colored liquid in a blue mug that is on a wooden surface. Static shot with no camera movement.,/opt/hpcaas/.mounts/fs-072917c00f01ae1ba/home/yjianhao/project/video_guidance/frames/0047_switch-frames_anyFPS_perspective-center_trimmed-domino-in-juice.jpg
A grabber tool holding a white domino drops the domino into a dark-colored liquid in a blue mug that is on a wooden surface. Static shot with no camera movement.,/opt/hpcaas/.mounts/fs-072917c00f01ae1ba/home/yjianhao/project/video_guidance/frames/0048_switch-frames_anyFPS_perspective-right_trimmed-domino-in-juice.jpg
Two rows of alternating black and white dominoes are set up on a wooden table with a gap between the two rows. A wooden stick attached to a rotating platform rotates clockwise and knocks the first domino in the first row. Static shot with no camera movement.,/opt/hpcaas/.mounts/fs-072917c00f01ae1ba/home/yjianhao/project/video_guidance/frames/0049_switch-frames_anyFPS_perspective-left_trimmed-dominos-with-space.jpg
Two rows of alternating black and white dominoes are set up on a wooden table with a gap between the two rows. A wooden stick attached to a rotating platform rotates clockwise and knocks the first domino in the first row. Static shot with no camera movement.,/opt/hpcaas/.mounts/fs-072917c00f01ae1ba/home/yjianhao/project/video_guidance/frames/0050_switch-frames_anyFPS_perspective-center_trimmed-dominos-with-space.jpg
Two rows of alternating black and white dominoes are set up on a wooden table with a gap between the two rows. A wooden stick attached to a rotating platform rotates clockwise and knocks the first domino in the first row. Static shot with no camera movement.,/opt/hpcaas/.mounts/fs-072917c00f01ae1ba/home/yjianhao/project/video_guidance/frames/0051_switch-frames_anyFPS_perspective-right_trimmed-dominos-with-space.jpg
A Newton's cradle device on the table and two of the metal balls are held up by a blue handled grabber tool. The claw releases the two balls. Static shot with no camera movement.,/opt/hpcaas/.mounts/fs-072917c00f01ae1ba/home/yjianhao/project/video_guidance/frames/0052_switch-frames_anyFPS_perspective-left_trimmed-double-cradle.jpg
A Newton's cradle device on the table and two of the metal balls are held up by a blue handled grabber tool. The claw releases the two balls. Static shot with no camera movement.,/opt/hpcaas/.mounts/fs-072917c00f01ae1ba/home/yjianhao/project/video_guidance/frames/0053_switch-frames_anyFPS_perspective-center_trimmed-double-cradle.jpg
A Newton's cradle device on the table and two of the metal balls are held up by a blue handled grabber tool. The claw releases the two balls. Static shot with no camera movement.,/opt/hpcaas/.mounts/fs-072917c00f01ae1ba/home/yjianhao/project/video_guidance/frames/0054_switch-frames_anyFPS_perspective-right_trimmed-double-cradle.jpg
A yellow rubber duck is positioned in the middle of a line of black and white dominoes on a wooden table. A stick attached to a black rotating platform rotates clockwise and knocks the first domino block. Static shot with no camera movement.,/opt/hpcaas/.mounts/fs-072917c00f01ae1ba/home/yjianhao/project/video_guidance/frames/0055_switch-frames_anyFPS_perspective-left_trimmed-duck-and-dominos.jpg
A yellow rubber duck is positioned in the middle of a line of black and white dominoes on a wooden table. A stick attached to a black rotating platform rotates clockwise and knocks the first domino block. Static shot with no camera movement.,/opt/hpcaas/.mounts/fs-072917c00f01ae1ba/home/yjianhao/project/video_guidance/frames/0056_switch-frames_anyFPS_perspective-center_trimmed-duck-and-dominos.jpg
A yellow rubber duck is positioned in the middle of a line of black and white dominoes on a wooden table. A stick attached to a black rotating platform rotates clockwise and knocks the first domino block. Static shot with no camera movement.,/opt/hpcaas/.mounts/fs-072917c00f01ae1ba/home/yjianhao/project/video_guidance/frames/0057_switch-frames_anyFPS_perspective-right_trimmed-duck-and-dominos.jpg
A yellow rubber ducky is suspended above an open dark green fabric box on a wooden table. The duck is then released. Static shot with no camera movement.,/opt/hpcaas/.mounts/fs-072917c00f01ae1ba/home/yjianhao/project/video_guidance/frames/0058_switch-frames_anyFPS_perspective-left_trimmed-duck-falls-in-box.jpg
A yellow rubber ducky is suspended above an open dark green fabric box on a wooden table. The duck is then released. Static shot with no camera movement.,/opt/hpcaas/.mounts/fs-072917c00f01ae1ba/home/yjianhao/project/video_guidance/frames/0059_switch-frames_anyFPS_perspective-center_trimmed-duck-falls-in-box.jpg
A yellow rubber ducky is suspended above an open dark green fabric box on a wooden table. The duck is then released. Static shot with no camera movement.,/opt/hpcaas/.mounts/fs-072917c00f01ae1ba/home/yjianhao/project/video_guidance/frames/0060_switch-frames_anyFPS_perspective-right_trimmed-duck-falls-in-box.jpg
A stationary yellow rubber duck on a light brown wooden table against a plain white background. Static shot with no camera movement.,/opt/hpcaas/.mounts/fs-072917c00f01ae1ba/home/yjianhao/project/video_guidance/frames/0061_switch-frames_anyFPS_perspective-left_trimmed-duck-static.jpg
A stationary yellow rubber duck on a light brown wooden table against a plain white background. Static shot with no camera movement.,/opt/hpcaas/.mounts/fs-072917c00f01ae1ba/home/yjianhao/project/video_guidance/frames/0062_switch-frames_anyFPS_perspective-center_trimmed-duck-static.jpg
A stationary yellow rubber duck on a light brown wooden table against a plain white background. Static shot with no camera movement.,/opt/hpcaas/.mounts/fs-072917c00f01ae1ba/home/yjianhao/project/video_guidance/frames/0063_switch-frames_anyFPS_perspective-right_trimmed-duck-static.jpg
A glass beverage dispenser filled with a bright red liquid is set up on a woven basket and is pouring the liquid into a clear glass on a wooden table. Static shot with no camera movement.,/opt/hpcaas/.mounts/fs-072917c00f01ae1ba/home/yjianhao/project/video_guidance/frames/0064_switch-frames_anyFPS_perspective-left_trimmed-fill-glass-red-drink.jpg
A glass beverage dispenser filled with a bright red liquid is set up on a woven basket and is pouring the liquid into a clear glass on a wooden table. Static shot with no camera movement.,/opt/hpcaas/.mounts/fs-072917c00f01ae1ba/home/yjianhao/project/video_guidance/frames/0065_switch-frames_anyFPS_perspective-center_trimmed-fill-glass-red-drink.jpg
A glass beverage dispenser filled with a bright red liquid is set up on a woven basket and is pouring the liquid into a clear glass on a wooden table. Static shot with no camera movement.,/opt/hpcaas/.mounts/fs-072917c00f01ae1ba/home/yjianhao/project/video_guidance/frames/0066_switch-frames_anyFPS_perspective-right_trimmed-fill-glass-red-drink.jpg
A glass beverage dispenser filled with a bright red liquid is set on a wicker base. Under the dispenser there is a glass half filled with red liquid. Static shot with no camera movement.,/opt/hpcaas/.mounts/fs-072917c00f01ae1ba/home/yjianhao/project/video_guidance/frames/0067_switch-frames_anyFPS_perspective-left_trimmed-glass-stays-same.jpg
A glass beverage dispenser filled with a bright red liquid is set on a wicker base. Under the dispenser there is a glass half filled with red liquid. Static shot with no camera movement.,/opt/hpcaas/.mounts/fs-072917c00f01ae1ba/home/yjianhao/project/video_guidance/frames/0068_switch-frames_anyFPS_perspective-center_trimmed-glass-stays-same.jpg
A glass beverage dispenser filled with a bright red liquid is set on a wicker base. Under the dispenser there is a glass half filled with red liquid. Static shot with no camera movement.,/opt/hpcaas/.mounts/fs-072917c00f01ae1ba/home/yjianhao/project/video_guidance/frames/0069_switch-frames_anyFPS_perspective-right_trimmed-glass-stays-same.jpg
A glass beverage dispenser pouring grapefruit juice into a glass that has some water inside. Static shot with no camera movement.,/opt/hpcaas/.mounts/fs-072917c00f01ae1ba/home/yjianhao/project/video_guidance/frames/0070_switch-frames_anyFPS_perspective-left_trimmed-juice-in-water.jpg
A glass beverage dispenser pouring grapefruit juice into a glass that has some water inside. Static shot with no camera movement.,/opt/hpcaas/.mounts/fs-072917c00f01ae1ba/home/yjianhao/project/video_guidance/frames/0071_switch-frames_anyFPS_perspective-center_trimmed-juice-in-water.jpg
A glass beverage dispenser pouring grapefruit juice into a glass that has some water inside. Static shot with no camera movement.,/opt/hpcaas/.mounts/fs-072917c00f01ae1ba/home/yjianhao/project/video_guidance/frames/0072_switch-frames_anyFPS_perspective-right_trimmed-juice-in-water.jpg
A blue rectangular wooden block is placed on a black rotating turntable that rotates clockwise illuminated by a spotlight casting a long shadow on the wall behind it. Static shot with no camera movement.,/opt/hpcaas/.mounts/fs-072917c00f01ae1ba/home/yjianhao/project/video_guidance/frames/0073_switch-frames_anyFPS_perspective-left_trimmed-light-on-block.jpg
A blue rectangular wooden block is placed on a black rotating turntable that rotates clockwise illuminated by a spotlight casting a long shadow on the wall behind it. Static shot with no camera movement.,/opt/hpcaas/.mounts/fs-072917c00f01ae1ba/home/yjianhao/project/video_guidance/frames/0074_switch-frames_anyFPS_perspective-center_trimmed-light-on-block.jpg
A blue rectangular wooden block is placed on a black rotating turntable that rotates clockwise illuminated by a spotlight casting a long shadow on the wall behind it. Static shot with no camera movement.,/opt/hpcaas/.mounts/fs-072917c00f01ae1ba/home/yjianhao/project/video_guidance/frames/0075_switch-frames_anyFPS_perspective-right_trimmed-light-on-block.jpg
A yellow mug is placed on a rotating turntable that rotates clockwise illuminated by a spotlight casting a shadow on the wall behind it. Static shot with no camera movement.,/opt/hpcaas/.mounts/fs-072917c00f01ae1ba/home/yjianhao/project/video_guidance/frames/0076_switch-frames_anyFPS_perspective-left_trimmed-light-on-mug.jpg
A yellow mug is placed on a rotating turntable that rotates clockwise illuminated by a spotlight casting a shadow on the wall behind it. Static shot with no camera movement.,/opt/hpcaas/.mounts/fs-072917c00f01ae1ba/home/yjianhao/project/video_guidance/frames/0077_switch-frames_anyFPS_perspective-center_trimmed-light-on-mug.jpg
A yellow mug is placed on a rotating turntable that rotates clockwise illuminated by a spotlight casting a shadow on the wall behind it. Static shot with no camera movement.,/opt/hpcaas/.mounts/fs-072917c00f01ae1ba/home/yjianhao/project/video_guidance/frames/0078_switch-frames_anyFPS_perspective-right_trimmed-light-on-mug.jpg
A yellow mug and a blue wooden block are placed on a rotating turntable that rotates clockwise illuminated by a spotlight casting their shadow on the wall behind it. Static shot with no camera movement.,/opt/hpcaas/.mounts/fs-072917c00f01ae1ba/home/yjianhao/project/video_guidance/frames/0079_switch-frames_anyFPS_perspective-left_trimmed-light-on-mug-block.jpg
A yellow mug and a blue wooden block are placed on a rotating turntable that rotates clockwise illuminated by a spotlight casting their shadow on the wall behind it. Static shot with no camera movement.,/opt/hpcaas/.mounts/fs-072917c00f01ae1ba/home/yjianhao/project/video_guidance/frames/0080_switch-frames_anyFPS_perspective-center_trimmed-light-on-mug-block.jpg
A yellow mug and a blue wooden block are placed on a rotating turntable that rotates clockwise illuminated by a spotlight casting their shadow on the wall behind it. Static shot with no camera movement.,/opt/hpcaas/.mounts/fs-072917c00f01ae1ba/home/yjianhao/project/video_guidance/frames/0081_switch-frames_anyFPS_perspective-right_trimmed-light-on-mug-block.jpg
A small statue made of porcelain illuminated by a spotlight on a rotating base that rotates clockwise. The spotlight casts a large shadow of the statue onto the wall behind it. Static shot with no camera movement.,/opt/hpcaas/.mounts/fs-072917c00f01ae1ba/home/yjianhao/project/video_guidance/frames/0082_switch-frames_anyFPS_perspective-left_trimmed-light-on-statue.jpg
A small statue made of porcelain illuminated by a spotlight on a rotating base that rotates clockwise. The spotlight casts a large shadow of the statue onto the wall behind it. Static shot with no camera movement.,/opt/hpcaas/.mounts/fs-072917c00f01ae1ba/home/yjianhao/project/video_guidance/frames/0083_switch-frames_anyFPS_perspective-center_trimmed-light-on-statue.jpg
A small statue made of porcelain illuminated by a spotlight on a rotating base that rotates clockwise. The spotlight casts a large shadow of the statue onto the wall behind it. Static shot with no camera movement.,/opt/hpcaas/.mounts/fs-072917c00f01ae1ba/home/yjianhao/project/video_guidance/frames/0084_switch-frames_anyFPS_perspective-right_trimmed-light-on-statue.jpg
A yellow rubber ducky is placed in an empty black baking pan on a wooden table.  A beverage dispenser with red liquid inside sits on a woven basket behind it. The liquid pours on the duck from the dispenser. Static shot with no camera movement.,/opt/hpcaas/.mounts/fs-072917c00f01ae1ba/home/yjianhao/project/video_guidance/frames/0085_switch-frames_anyFPS_perspective-left_trimmed-liquid-on-duck.jpg
A yellow rubber ducky is placed in an empty black baking pan on a wooden table.  A beverage dispenser with red liquid inside sits on a woven basket behind it. The liquid pours on the duck from the dispenser. Static shot with no camera movement.,/opt/hpcaas/.mounts/fs-072917c00f01ae1ba/home/yjianhao/project/video_guidance/frames/0086_switch-frames_anyFPS_perspective-center_trimmed-liquid-on-duck.jpg
A yellow rubber ducky is placed in an empty black baking pan on a wooden table.  A beverage dispenser with red liquid inside sits on a woven basket behind it. The liquid pours on the duck from the dispenser. Static shot with no camera movement.,/opt/hpcaas/.mounts/fs-072917c00f01ae1ba/home/yjianhao/project/video_guidance/frames/0087_switch-frames_anyFPS_perspective-right_trimmed-liquid-on-duck.jpg
A bright red liquid being poured from a dispenser into a glass which is placed on a dark baking tray on a wooden table. Static shot with no camera movement.,/opt/hpcaas/.mounts/fs-072917c00f01ae1ba/home/yjianhao/project/video_guidance/frames/0088_switch-frames_anyFPS_perspective-left_trimmed-liquid-overfill.jpg
A bright red liquid being poured from a dispenser into a glass which is placed on a dark baking tray on a wooden table. Static shot with no camera movement.,/opt/hpcaas/.mounts/fs-072917c00f01ae1ba/home/yjianhao/project/video_guidance/frames/0089_switch-frames_anyFPS_perspective-center_trimmed-liquid-overfill.jpg
A bright red liquid being poured from a dispenser into a glass which is placed on a dark baking tray on a wooden table. Static shot with no camera movement.,/opt/hpcaas/.mounts/fs-072917c00f01ae1ba/home/yjianhao/project/video_guidance/frames/0090_switch-frames_anyFPS_perspective-right_trimmed-liquid-overfill.jpg
Two candle holders that have tall red candles in them are placed on a wooden table. One of the candles is burning. Static shot with no camera movement.,/opt/hpcaas/.mounts/fs-072917c00f01ae1ba/home/yjianhao/project/video_guidance/frames/0091_switch-frames_anyFPS_perspective-left_trimmed-lit-candle.jpg
Two candle holders that have tall red candles in them are placed on a wooden table. One of the candles is burning. Static shot with no camera movement.,/opt/hpcaas/.mounts/fs-072917c00f01ae1ba/home/yjianhao/project/video_guidance/frames/0092_switch-frames_anyFPS_perspective-center_trimmed-lit-candle.jpg
Two candle holders that have tall red candles in them are placed on a wooden table. One of the candles is burning. Static shot with no camera movement.,/opt/hpcaas/.mounts/fs-072917c00f01ae1ba/home/yjianhao/project/video_guidance/frames/0093_switch-frames_anyFPS_perspective-right_trimmed-lit-candle.jpg
A powerful magnet is placed on the table facing a black rotating platform that rotates clockwise. A small white plastic domino block is placed on the platform and is rotating towards the magnet. Static shot with no camera movement.,/opt/hpcaas/.mounts/fs-072917c00f01ae1ba/home/yjianhao/project/video_guidance/frames/0094_switch-frames_anyFPS_perspective-left_trimmed-magnet-domino.jpg
A powerful magnet is placed on the table facing a black rotating platform that rotates clockwise. A small white plastic domino block is placed on the platform and is rotating towards the magnet. Static shot with no camera movement.,/opt/hpcaas/.mounts/fs-072917c00f01ae1ba/home/yjianhao/project/video_guidance/frames/0095_switch-frames_anyFPS_perspective-center_trimmed-magnet-domino.jpg
A powerful magnet is placed on the table facing a black rotating platform that rotates clockwise. A small white plastic domino block is placed on the platform and is rotating towards the magnet. Static shot with no camera movement.,/opt/hpcaas/.mounts/fs-072917c00f01ae1ba/home/yjianhao/project/video_guidance/frames/0096_switch-frames_anyFPS_perspective-right_trimmed-magnet-domino.jpg
A clear acrylic box suspended from a cord hangs above a tennis ball with a smiley face drawn on it positioned on a wooden table. The box is lowered to cover the ball. Static shot with no camera movement.,/opt/hpcaas/.mounts/fs-072917c00f01ae1ba/home/yjianhao/project/video_guidance/frames/0097_switch-frames_anyFPS_perspective-left_trimmed-magnet-transparent-peakaboo.jpg
A clear acrylic box suspended from a cord hangs above a tennis ball with a smiley face drawn on it positioned on a wooden table. The box is lowered to cover the ball. Static shot with no camera movement.,/opt/hpcaas/.mounts/fs-072917c00f01ae1ba/home/yjianhao/project/video_guidance/frames/0098_switch-frames_anyFPS_perspective-center_trimmed-magnet-transparent-peakaboo.jpg
A clear acrylic box suspended from a cord hangs above a tennis ball with a smiley face drawn on it positioned on a wooden table. The box is lowered to cover the ball. Static shot with no camera movement.,/opt/hpcaas/.mounts/fs-072917c00f01ae1ba/home/yjianhao/project/video_guidance/frames/0099_switch-frames_anyFPS_perspective-right_trimmed-magnet-transparent-peakaboo.jpg
A powerful magnet is placed on the table facing a black rotating platform that rotates clockwise. A small metal wrench is placed on the platform and is rotating towards the magnet. Static shot with no camera movement.,/opt/hpcaas/.mounts/fs-072917c00f01ae1ba/home/yjianhao/project/video_guidance/frames/0100_switch-frames_anyFPS_perspective-left_trimmed-magnet-wrench.jpg
A powerful magnet is placed on the table facing a black rotating platform that rotates clockwise. A small metal wrench is placed on the platform and is rotating towards the magnet. Static shot with no camera movement.,/opt/hpcaas/.mounts/fs-072917c00f01ae1ba/home/yjianhao/project/video_guidance/frames/0101_switch-frames_anyFPS_perspective-center_trimmed-magnet-wrench.jpg
A powerful magnet is placed on the table facing a black rotating platform that rotates clockwise. A small metal wrench is placed on the platform and is rotating towards the magnet. Static shot with no camera movement.,/opt/hpcaas/.mounts/fs-072917c00f01ae1ba/home/yjianhao/project/video_guidance/frames/0102_switch-frames_anyFPS_perspective-right_trimmed-magnet-wrench.jpg
A few magnetic ramps are attached to a whiteboard for a game of marble run. A yellow marble is released at the top of the ramps and slides down the ramps. Static shot with no camera movement.,/opt/hpcaas/.mounts/fs-072917c00f01ae1ba/home/yjianhao/project/video_guidance/frames/0103_switch-frames_anyFPS_perspective-left_trimmed-marble-run-x.jpg
A few magnetic ramps are attached to a whiteboard for a game of marble run. A yellow marble is released at the top of the ramps and slides down the ramps. Static shot with no camera movement.,/opt/hpcaas/.mounts/fs-072917c00f01ae1ba/home/yjianhao/project/video_guidance/frames/0104_switch-frames_anyFPS_perspective-center_trimmed-marble-run-x.jpg
A few magnetic ramps are attached to a whiteboard for a game of marble run. A yellow marble is released at the top of the ramps and slides down the ramps. Static shot with no camera movement.,/opt/hpcaas/.mounts/fs-072917c00f01ae1ba/home/yjianhao/project/video_guidance/frames/0105_switch-frames_anyFPS_perspective-right_trimmed-marble-run-x.jpg
A few magnetic ramps are attached to a whiteboard for a game of marble run. A yellow marble is released at the top of the ramps and slides down the ramps. Static shot with no camera movement.,/opt/hpcaas/.mounts/fs-072917c00f01ae1ba/home/yjianhao/project/video_guidance/frames/0106_switch-frames_anyFPS_perspective-left_trimmed-marble-run-y.jpg
A few magnetic ramps are attached to a whiteboard for a game of marble run. A yellow marble is released at the top of the ramps and slides down the ramps. Static shot with no camera movement.,/opt/hpcaas/.mounts/fs-072917c00f01ae1ba/home/yjianhao/project/video_guidance/frames/0107_switch-frames_anyFPS_perspective-center_trimmed-marble-run-y.jpg
A few magnetic ramps are attached to a whiteboard for a game of marble run. A yellow marble is released at the top of the ramps and slides down the ramps. Static shot with no camera movement.,/opt/hpcaas/.mounts/fs-072917c00f01ae1ba/home/yjianhao/project/video_guidance/frames/0108_switch-frames_anyFPS_perspective-right_trimmed-marble-run-y.jpg
A lit match is being lowered into a glass of water. Static shot with no camera movement.,/opt/hpcaas/.mounts/fs-072917c00f01ae1ba/home/yjianhao/project/video_guidance/frames/0109_switch-frames_anyFPS_perspective-left_trimmed-match.jpg
A lit match is being lowered into a glass of water. Static shot with no camera movement.,/opt/hpcaas/.mounts/fs-072917c00f01ae1ba/home/yjianhao/project/video_guidance/frames/0110_switch-frames_anyFPS_perspective-center_trimmed-match.jpg
A lit match is being lowered into a glass of water. Static shot with no camera movement.,/opt/hpcaas/.mounts/fs-072917c00f01ae1ba/home/yjianhao/project/video_guidance/frames/0111_switch-frames_anyFPS_perspective-right_trimmed-match.jpg
A black balloon is sitting on a wooden table next to a small rotating platform with a lit matchstick taped to it. The match rotates clockwise and touches the balloon. Static shot with no camera movement.,/opt/hpcaas/.mounts/fs-072917c00f01ae1ba/home/yjianhao/project/video_guidance/frames/0112_switch-frames_anyFPS_perspective-left_trimmed-match-blows-balloon.jpg
A black balloon is sitting on a wooden table next to a small rotating platform with a lit matchstick taped to it. The match rotates clockwise and touches the balloon. Static shot with no camera movement.,/opt/hpcaas/.mounts/fs-072917c00f01ae1ba/home/yjianhao/project/video_guidance/frames/0113_switch-frames_anyFPS_perspective-center_trimmed-match-blows-balloon.jpg
A black balloon is sitting on a wooden table next to a small rotating platform with a lit matchstick taped to it. The match rotates clockwise and touches the balloon. Static shot with no camera movement.,/opt/hpcaas/.mounts/fs-072917c00f01ae1ba/home/yjianhao/project/video_guidance/frames/0114_switch-frames_anyFPS_perspective-right_trimmed-match-blows-balloon.jpg
A tennis ball attached to a magnet and string is hanging in front of a mirror and creating an illusion of two tennis balls. The string lowers the ball slowly. Static shot with no camera movement.,/opt/hpcaas/.mounts/fs-072917c00f01ae1ba/home/yjianhao/project/video_guidance/frames/0115_switch-frames_anyFPS_perspective-left_trimmed-mirror-ball-fall.jpg
A tennis ball attached to a magnet and string is hanging in front of a mirror and creating an illusion of two tennis balls. The string lowers the ball slowly. Static shot with no camera movement.,/opt/hpcaas/.mounts/fs-072917c00f01ae1ba/home/yjianhao/project/video_guidance/frames/0116_switch-frames_anyFPS_perspective-center_trimmed-mirror-ball-fall.jpg
A tennis ball attached to a magnet and string is hanging in front of a mirror and creating an illusion of two tennis balls. The string lowers the ball slowly. Static shot with no camera movement.,/opt/hpcaas/.mounts/fs-072917c00f01ae1ba/home/yjianhao/project/video_guidance/frames/0117_switch-frames_anyFPS_perspective-right_trimmed-mirror-ball-fall.jpg
A tennis ball with a smiley face drawn on it is slowly rotating on a black rotating platform that rotates clockwise in front of a mirror and reflecting the side of the ball that has no smiley face. Static shot with no camera movement.,/opt/hpcaas/.mounts/fs-072917c00f01ae1ba/home/yjianhao/project/video_guidance/frames/0118_switch-frames_anyFPS_perspective-left_trimmed-mirror-ball-rotate.jpg
A tennis ball with a smiley face drawn on it is slowly rotating on a black rotating platform that rotates clockwise in front of a mirror and reflecting the side of the ball that has no smiley face. Static shot with no camera movement.,/opt/hpcaas/.mounts/fs-072917c00f01ae1ba/home/yjianhao/project/video_guidance/frames/0119_switch-frames_anyFPS_perspective-center_trimmed-mirror-ball-rotate.jpg
A tennis ball with a smiley face drawn on it is slowly rotating on a black rotating platform that rotates clockwise in front of a mirror and reflecting the side of the ball that has no smiley face. Static shot with no camera movement.,/opt/hpcaas/.mounts/fs-072917c00f01ae1ba/home/yjianhao/project/video_guidance/frames/0120_switch-frames_anyFPS_perspective-right_trimmed-mirror-ball-rotate.jpg
A teapot on a rotating display base that rotates clockwise in front of a mirror reflecting the teapot's image. Static shot with no camera movement.,/opt/hpcaas/.mounts/fs-072917c00f01ae1ba/home/yjianhao/project/video_guidance/frames/0121_switch-frames_anyFPS_perspective-left_trimmed-mirror-teapot-rotate.jpg
A teapot on a rotating display base that rotates clockwise in front of a mirror reflecting the teapot's image. Static shot with no camera movement.,/opt/hpcaas/.mounts/fs-072917c00f01ae1ba/home/yjianhao/project/video_guidance/frames/0122_switch-frames_anyFPS_perspective-center_trimmed-mirror-teapot-rotate.jpg
A teapot on a rotating display base that rotates clockwise in front of a mirror reflecting the teapot's image. Static shot with no camera movement.,/opt/hpcaas/.mounts/fs-072917c00f01ae1ba/home/yjianhao/project/video_guidance/frames/0123_switch-frames_anyFPS_perspective-right_trimmed-mirror-teapot-rotate.jpg
A yellow mug is held by a grabber tool in front of a white projection screen with a concrete brick positioned beneath it. The grabber releases the mug. Static shot with no camera movement.,/opt/hpcaas/.mounts/fs-072917c00f01ae1ba/home/yjianhao/project/video_guidance/frames/0124_switch-frames_anyFPS_perspective-left_trimmed-mug-breaks.jpg
A yellow mug is held by a grabber tool in front of a white projection screen with a concrete brick positioned beneath it. The grabber releases the mug. Static shot with no camera movement.,/opt/hpcaas/.mounts/fs-072917c00f01ae1ba/home/yjianhao/project/video_guidance/frames/0125_switch-frames_anyFPS_perspective-center_trimmed-mug-breaks.jpg
A yellow mug is held by a grabber tool in front of a white projection screen with a concrete brick positioned beneath it. The grabber releases the mug. Static shot with no camera movement.,/opt/hpcaas/.mounts/fs-072917c00f01ae1ba/home/yjianhao/project/video_guidance/frames/0126_switch-frames_anyFPS_perspective-right_trimmed-mug-breaks.jpg
A grabber tool holds a piece of paper towel over a shallow dish of light blue liquid on a wooden table. The grabber releases the paper towel on the dish. Static shot with no camera movement.,/opt/hpcaas/.mounts/fs-072917c00f01ae1ba/home/yjianhao/project/video_guidance/frames/0127_switch-frames_anyFPS_perspective-left_trimmed-napkin-soak.jpg
A grabber tool holds a piece of paper towel over a shallow dish of light blue liquid on a wooden table. The grabber releases the paper towel on the dish. Static shot with no camera movement.,/opt/hpcaas/.mounts/fs-072917c00f01ae1ba/home/yjianhao/project/video_guidance/frames/0128_switch-frames_anyFPS_perspective-center_trimmed-napkin-soak.jpg
A grabber tool holds a piece of paper towel over a shallow dish of light blue liquid on a wooden table. The grabber releases the paper towel on the dish. Static shot with no camera movement.,/opt/hpcaas/.mounts/fs-072917c00f01ae1ba/home/yjianhao/project/video_guidance/frames/0129_switch-frames_anyFPS_perspective-right_trimmed-napkin-soak.jpg
A clear acrylic sheet placed on a wooden table with a small dollop of red paint. A rotating paintbrush attached to a rotating platform rotates clockwise and goes through the paint. Static shot with no camera movement.,/opt/hpcaas/.mounts/fs-072917c00f01ae1ba/home/yjianhao/project/video_guidance/frames/0130_switch-frames_anyFPS_perspective-left_trimmed-paint-on-glass.jpg
A clear acrylic sheet placed on a wooden table with a small dollop of red paint. A rotating paintbrush attached to a rotating platform rotates clockwise and goes through the paint. Static shot with no camera movement.,/opt/hpcaas/.mounts/fs-072917c00f01ae1ba/home/yjianhao/project/video_guidance/frames/0131_switch-frames_anyFPS_perspective-center_trimmed-paint-on-glass.jpg
A clear acrylic sheet placed on a wooden table with a small dollop of red paint. A rotating paintbrush attached to a rotating platform rotates clockwise and goes through the paint. Static shot with no camera movement.,/opt/hpcaas/.mounts/fs-072917c00f01ae1ba/home/yjianhao/project/video_guidance/frames/0132_switch-frames_anyFPS_perspective-right_trimmed-paint-on-glass.jpg
A grabber tool is holding a crumpled piece of paper over a bowl of water on a wooden table. The grabber then releases the crumpled paper onto the bowl. Static shot with no camera movement.,/opt/hpcaas/.mounts/fs-072917c00f01ae1ba/home/yjianhao/project/video_guidance/frames/0133_switch-frames_anyFPS_perspective-left_trimmed-paper-fall-water.jpg
A grabber tool is holding a crumpled piece of paper over a bowl of water on a wooden table. The grabber then releases the crumpled paper onto the bowl. Static shot with no camera movement.,/opt/hpcaas/.mounts/fs-072917c00f01ae1ba/home/yjianhao/project/video_guidance/frames/0134_switch-frames_anyFPS_perspective-center_trimmed-paper-fall-water.jpg
A grabber tool is holding a crumpled piece of paper over a bowl of water on a wooden table. The grabber then releases the crumpled paper onto the bowl. Static shot with no camera movement.,/opt/hpcaas/.mounts/fs-072917c00f01ae1ba/home/yjianhao/project/video_guidance/frames/0135_switch-frames_anyFPS_perspective-right_trimmed-paper-fall-water.jpg
A small piece of crumpled white paper is being lowered into a tall glass containing blue liquid with a green band showing the water level. The crumpled paper is released into the glass. Static shot with no camera movement.,/opt/hpcaas/.mounts/fs-072917c00f01ae1ba/home/yjianhao/project/video_guidance/frames/0136_switch-frames_anyFPS_perspective-left_trimmed-paper-in-water.jpg
A small piece of crumpled white paper is being lowered into a tall glass containing blue liquid with a green band showing the water level. The crumpled paper is released into the glass. Static shot with no camera movement.,/opt/hpcaas/.mounts/fs-072917c00f01ae1ba/home/yjianhao/project/video_guidance/frames/0137_switch-frames_anyFPS_perspective-center_trimmed-paper-in-water.jpg
A small piece of crumpled white paper is being lowered into a tall glass containing blue liquid with a green band showing the water level. The crumpled paper is released into the glass. Static shot with no camera movement.,/opt/hpcaas/.mounts/fs-072917c00f01ae1ba/home/yjianhao/project/video_guidance/frames/0138_switch-frames_anyFPS_perspective-right_trimmed-paper-in-water.jpg
A piece of folded paper is placed on a glass cutting board. The paper is being burnt and white smoke is emitting from it. Static shot with no camera movement.,/opt/hpcaas/.mounts/fs-072917c00f01ae1ba/home/yjianhao/project/video_guidance/frames/0139_switch-frames_anyFPS_perspective-left_trimmed-paper-smoke.jpg
A piece of folded paper is placed on a glass cutting board. The paper is being burnt and white smoke is emitting from it. Static shot with no camera movement.,/opt/hpcaas/.mounts/fs-072917c00f01ae1ba/home/yjianhao/project/video_guidance/frames/0140_switch-frames_anyFPS_perspective-center_trimmed-paper-smoke.jpg
A piece of folded paper is placed on a glass cutting board. The paper is being burnt and white smoke is emitting from it. Static shot with no camera movement.,/opt/hpcaas/.mounts/fs-072917c00f01ae1ba/home/yjianhao/project/video_guidance/frames/0141_switch-frames_anyFPS_perspective-right_trimmed-paper-smoke.jpg
A potato is held by a grabber tool and dropped into a tall glass containing blue liquid with a band of green tape marking a level on the glass. Static shot with no camera movement.,/opt/hpcaas/.mounts/fs-072917c00f01ae1ba/home/yjianhao/project/video_guidance/frames/0142_switch-frames_anyFPS_perspective-left_trimmed-potato-in-water.jpg
A potato is held by a grabber tool and dropped into a tall glass containing blue liquid with a band of green tape marking a level on the glass. Static shot with no camera movement.,/opt/hpcaas/.mounts/fs-072917c00f01ae1ba/home/yjianhao/project/video_guidance/frames/0143_switch-frames_anyFPS_perspective-center_trimmed-potato-in-water.jpg
A potato is held by a grabber tool and dropped into a tall glass containing blue liquid with a band of green tape marking a level on the glass. Static shot with no camera movement.,/opt/hpcaas/.mounts/fs-072917c00f01ae1ba/home/yjianhao/project/video_guidance/frames/0144_switch-frames_anyFPS_perspective-right_trimmed-potato-in-water.jpg
A small white lampshade is on a light wood surface. A grey tennis ball rolls out of the black tube sitting on the table and rolls on the table towards the right. Static shot with no camera movement.,/opt/hpcaas/.mounts/fs-072917c00f01ae1ba/home/yjianhao/project/video_guidance/frames/0145_switch-frames_anyFPS_perspective-left_trimmed-roll-behind-box.jpg
A small white lampshade is on a light wood surface. A grey tennis ball rolls out of the black tube sitting on the table and rolls on the table towards the right. Static shot with no camera movement.,/opt/hpcaas/.mounts/fs-072917c00f01ae1ba/home/yjianhao/project/video_guidance/frames/0146_switch-frames_anyFPS_perspective-center_trimmed-roll-behind-box.jpg
A small white lampshade is on a light wood surface. A grey tennis ball rolls out of the black tube sitting on the table and rolls on the table towards the right. Static shot with no camera movement.,/opt/hpcaas/.mounts/fs-072917c00f01ae1ba/home/yjianhao/project/video_guidance/frames/0147_switch-frames_anyFPS_perspective-right_trimmed-roll-behind-box.jpg
A small white lampshade is on a light wood surface. A grey tennis ball rolls out of the black tube sitting on the table and rolls on the table towards the right. Static shot with no camera movement.,/opt/hpcaas/.mounts/fs-072917c00f01ae1ba/home/yjianhao/project/video_guidance/frames/0148_switch-frames_anyFPS_perspective-left_trimmed-roll-front-box.jpg
A small white lampshade is on a light wood surface. A grey tennis ball rolls out of the black tube sitting on the table and rolls on the table towards the right. Static shot with no camera movement.,/opt/hpcaas/.mounts/fs-072917c00f01ae1ba/home/yjianhao/project/video_guidance/frames/0149_switch-frames_anyFPS_perspective-center_trimmed-roll-front-box.jpg
A small white lampshade is on a light wood surface. A grey tennis ball rolls out of the black tube sitting on the table and rolls on the table towards the right. Static shot with no camera movement.,/opt/hpcaas/.mounts/fs-072917c00f01ae1ba/home/yjianhao/project/video_guidance/frames/0150_switch-frames_anyFPS_perspective-right_trimmed-roll-front-box.jpg
An olive green fabric box is on a light wood surface. A brown tennis ball rolls out of the black tube sitting on the table and rolls towards the box. Static shot with no camera movement.,/opt/hpcaas/.mounts/fs-072917c00f01ae1ba/home/yjianhao/project/video_guidance/frames/0151_switch-frames_anyFPS_perspective-left_trimmed-roll-in-box.jpg
An olive green fabric box is on a light wood surface. A brown tennis ball rolls out of the black tube sitting on the table and rolls towards the box. Static shot with no camera movement.,/opt/hpcaas/.mounts/fs-072917c00f01ae1ba/home/yjianhao/project/video_guidance/frames/0152_switch-frames_anyFPS_perspective-center_trimmed-roll-in-box.jpg
An olive green fabric box is on a light wood surface. A brown tennis ball rolls out of the black tube sitting on the table and rolls towards the box. Static shot with no camera movement.,/opt/hpcaas/.mounts/fs-072917c00f01ae1ba/home/yjianhao/project/video_guidance/frames/0153_switch-frames_anyFPS_perspective-right_trimmed-roll-in-box.jpg
A 30lb kettlebell resting on a wooden table next to a mirror. A tennis ball rolls towards the kettlebell. Static shot with no camera movement.,/opt/hpcaas/.mounts/fs-072917c00f01ae1ba/home/yjianhao/project/video_guidance/frames/0154_switch-frames_anyFPS_perspective-left_trimmed-rolling-reflection.jpg
A 30lb kettlebell resting on a wooden table next to a mirror. A tennis ball rolls towards the kettlebell. Static shot with no camera movement.,/opt/hpcaas/.mounts/fs-072917c00f01ae1ba/home/yjianhao/project/video_guidance/frames/0155_switch-frames_anyFPS_perspective-center_trimmed-rolling-reflection.jpg
A 30lb kettlebell resting on a wooden table next to a mirror. A tennis ball rolls towards the kettlebell. Static shot with no camera movement.,/opt/hpcaas/.mounts/fs-072917c00f01ae1ba/home/yjianhao/project/video_guidance/frames/0156_switch-frames_anyFPS_perspective-right_trimmed-rolling-reflection.jpg
A teapot is placed on a wooden table. a piece of silk fabric is lowered on the teapot to cover it. Static shot with no camera movement.,/opt/hpcaas/.mounts/fs-072917c00f01ae1ba/home/yjianhao/project/video_guidance/frames/0157_switch-frames_anyFPS_perspective-left_trimmed-silk-cover.jpg
A teapot is placed on a wooden table. a piece of silk fabric is lowered on the teapot to cover it. Static shot with no camera movement.,/opt/hpcaas/.mounts/fs-072917c00f01ae1ba/home/yjianhao/project/video_guidance/frames/0158_switch-frames_anyFPS_perspective-center_trimmed-silk-cover.jpg
A teapot is placed on a wooden table. a piece of silk fabric is lowered on the teapot to cover it. Static shot with no camera movement.,/opt/hpcaas/.mounts/fs-072917c00f01ae1ba/home/yjianhao/project/video_guidance/frames/0159_switch-frames_anyFPS_perspective-right_trimmed-silk-cover.jpg
A Newton's cradle device on the table and one of the metal balls is held up by a blue handled grabber tool. The claw releases the ball. Static shot with no camera movement.,/opt/hpcaas/.mounts/fs-072917c00f01ae1ba/home/yjianhao/project/video_guidance/frames/0160_switch-frames_anyFPS_perspective-left_trimmed-single-cradle.jpg
A Newton's cradle device on the table and one of the metal balls is held up by a blue handled grabber tool. The claw releases the ball. Static shot with no camera movement.,/opt/hpcaas/.mounts/fs-072917c00f01ae1ba/home/yjianhao/project/video_guidance/frames/0161_switch-frames_anyFPS_perspective-center_trimmed-single-cradle.jpg
A Newton's cradle device on the table and one of the metal balls is held up by a blue handled grabber tool. The claw releases the ball. Static shot with no camera movement.,/opt/hpcaas/.mounts/fs-072917c00f01ae1ba/home/yjianhao/project/video_guidance/frames/0162_switch-frames_anyFPS_perspective-right_trimmed-single-cradle.jpg
A bundle of lit matchsticks is placed in a bowl of red liquid. A glass jar gets lowered and covers the matchsticks. Static shot with no camera movement.,/opt/hpcaas/.mounts/fs-072917c00f01ae1ba/home/yjianhao/project/video_guidance/frames/0163_switch-frames_anyFPS_perspective-left_trimmed-siphon.jpg
A bundle of lit matchsticks is placed in a bowl of red liquid. A glass jar gets lowered and covers the matchsticks. Static shot with no camera movement.,/opt/hpcaas/.mounts/fs-072917c00f01ae1ba/home/yjianhao/project/video_guidance/frames/0164_switch-frames_anyFPS_perspective-center_trimmed-siphon.jpg
A bundle of lit matchsticks is placed in a bowl of red liquid. A glass jar gets lowered and covers the matchsticks. Static shot with no camera movement.,/opt/hpcaas/.mounts/fs-072917c00f01ae1ba/home/yjianhao/project/video_guidance/frames/0165_switch-frames_anyFPS_perspective-right_trimmed-siphon.jpg
A tennis ball with a smiley face drawn on it is placed on a rotating black platform that rotates clockwise. Static shot with no camera movement.,/opt/hpcaas/.mounts/fs-072917c00f01ae1ba/home/yjianhao/project/video_guidance/frames/0166_switch-frames_anyFPS_perspective-left_trimmed-smiley-ball-rotates.jpg
A tennis ball with a smiley face drawn on it is placed on a rotating black platform that rotates clockwise. Static shot with no camera movement.,/opt/hpcaas/.mounts/fs-072917c00f01ae1ba/home/yjianhao/project/video_guidance/frames/0167_switch-frames_anyFPS_perspective-center_trimmed-smiley-ball-rotates.jpg
A tennis ball with a smiley face drawn on it is placed on a rotating black platform that rotates clockwise. Static shot with no camera movement.,/opt/hpcaas/.mounts/fs-072917c00f01ae1ba/home/yjianhao/project/video_guidance/frames/0168_switch-frames_anyFPS_perspective-right_trimmed-smiley-ball-rotates.jpg
A woven basket is hanging from a rope with a strong magnet attached to the bottom. An orange tennis ball is placed on a table beneath it. The basket is lowered and covers the ball and then the basket starts to lift again. Static shot with no camera movement.,/opt/hpcaas/.mounts/fs-072917c00f01ae1ba/home/yjianhao/project/video_guidance/frames/0169_switch-frames_anyFPS_perspective-left_trimmed-solid-ball-peakaboo.jpg
A woven basket is hanging from a rope with a strong magnet attached to the bottom. An orange tennis ball is placed on a table beneath it. The basket is lowered and covers the ball and then the basket starts to lift again. Static shot with no camera movement.,/opt/hpcaas/.mounts/fs-072917c00f01ae1ba/home/yjianhao/project/video_guidance/frames/0170_switch-frames_anyFPS_perspective-center_trimmed-solid-ball-peakaboo.jpg
A woven basket is hanging from a rope with a strong magnet attached to the bottom. An orange tennis ball is placed on a table beneath it. The basket is lowered and covers the ball and then the basket starts to lift again. Static shot with no camera movement.,/opt/hpcaas/.mounts/fs-072917c00f01ae1ba/home/yjianhao/project/video_guidance/frames/0171_switch-frames_anyFPS_perspective-right_trimmed-solid-ball-peakaboo.jpg
A pink block is being lowered towards a simple structure made of colorful blocks resembling a gate. Static shot with no camera movement.,/opt/hpcaas/.mounts/fs-072917c00f01ae1ba/home/yjianhao/project/video_guidance/frames/0172_switch-frames_anyFPS_perspective-left_trimmed-stable-blocks.jpg
A pink block is being lowered towards a simple structure made of colorful blocks resembling a gate. Static shot with no camera movement.,/opt/hpcaas/.mounts/fs-072917c00f01ae1ba/home/yjianhao/project/video_guidance/frames/0173_switch-frames_anyFPS_perspective-center_trimmed-stable-blocks.jpg
A pink block is being lowered towards a simple structure made of colorful blocks resembling a gate. Static shot with no camera movement.,/opt/hpcaas/.mounts/fs-072917c00f01ae1ba/home/yjianhao/project/video_guidance/frames/0174_switch-frames_anyFPS_perspective-right_trimmed-stable-blocks.jpg
A teapot is placed on a rotating display that rotates clockwise. Static shot with no camera movement.,/opt/hpcaas/.mounts/fs-072917c00f01ae1ba/home/yjianhao/project/video_guidance/frames/0175_switch-frames_anyFPS_perspective-left_trimmed-teapot-rotates.jpg
A teapot is placed on a rotating display that rotates clockwise. Static shot with no camera movement.,/opt/hpcaas/.mounts/fs-072917c00f01ae1ba/home/yjianhao/project/video_guidance/frames/0176_switch-frames_anyFPS_perspective-center_trimmed-teapot-rotates.jpg
A teapot is placed on a rotating display that rotates clockwise. Static shot with no camera movement.,/opt/hpcaas/.mounts/fs-072917c00f01ae1ba/home/yjianhao/project/video_guidance/frames/0177_switch-frames_anyFPS_perspective-right_trimmed-teapot-rotates.jpg
A light-colored wooden tabletop with two pipes at the edges. A blue and yellow tennis ball roll out of the pipes and towards eachother. Static shot with no camera movement.,/opt/hpcaas/.mounts/fs-072917c00f01ae1ba/home/yjianhao/project/video_guidance/frames/0178_switch-frames_anyFPS_perspective-left_trimmed-two-balls-pass.jpg
A light-colored wooden tabletop with two pipes at the edges. A blue and yellow tennis ball roll out of the pipes and towards eachother. Static shot with no camera movement.,/opt/hpcaas/.mounts/fs-072917c00f01ae1ba/home/yjianhao/project/video_guidance/frames/0179_switch-frames_anyFPS_perspective-center_trimmed-two-balls-pass.jpg
A light-colored wooden tabletop with two pipes at the edges. A blue and yellow tennis ball roll out of the pipes and towards eachother. Static shot with no camera movement.,/opt/hpcaas/.mounts/fs-072917c00f01ae1ba/home/yjianhao/project/video_guidance/frames/0180_switch-frames_anyFPS_perspective-right_trimmed-two-balls-pass.jpg
A grabber tool carefully placing a blue wooden block on top of a yellow block which is balanced on a red block forming an L shape. Static shot with no camera movement.,/opt/hpcaas/.mounts/fs-072917c00f01ae1ba/home/yjianhao/project/video_guidance/frames/0181_switch-frames_anyFPS_perspective-left_trimmed-unstable-block-stack.jpg
A grabber tool carefully placing a blue wooden block on top of a yellow block which is balanced on a red block forming an L shape. Static shot with no camera movement.,/opt/hpcaas/.mounts/fs-072917c00f01ae1ba/home/yjianhao/project/video_guidance/frames/0182_switch-frames_anyFPS_perspective-center_trimmed-unstable-block-stack.jpg
A grabber tool carefully placing a blue wooden block on top of a yellow block which is balanced on a red block forming an L shape. Static shot with no camera movement.,/opt/hpcaas/.mounts/fs-072917c00f01ae1ba/home/yjianhao/project/video_guidance/frames/0183_switch-frames_anyFPS_perspective-right_trimmed-unstable-block-stack.jpg
A glass beverage dispenser is dispensing water into a glass which has some grapefruit juice in it. Static shot with no camera movement.,/opt/hpcaas/.mounts/fs-072917c00f01ae1ba/home/yjianhao/project/video_guidance/frames/0184_switch-frames_anyFPS_perspective-left_trimmed-water-in-juice.jpg
A glass beverage dispenser is dispensing water into a glass which has some grapefruit juice in it. Static shot with no camera movement.,/opt/hpcaas/.mounts/fs-072917c00f01ae1ba/home/yjianhao/project/video_guidance/frames/0185_switch-frames_anyFPS_perspective-center_trimmed-water-in-juice.jpg
A glass beverage dispenser is dispensing water into a glass which has some grapefruit juice in it. Static shot with no camera movement.,/opt/hpcaas/.mounts/fs-072917c00f01ae1ba/home/yjianhao/project/video_guidance/frames/0186_switch-frames_anyFPS_perspective-right_trimmed-water-in-juice.jpg
A 30lb kettlebell is slowly lowered on top of a yellow ceramic coffee mug placed on a wooden table. Static shot with no camera movement.,/opt/hpcaas/.mounts/fs-072917c00f01ae1ba/home/yjianhao/project/video_guidance/frames/0187_switch-frames_anyFPS_perspective-left_trimmed-weight-on-ceramic.jpg
A 30lb kettlebell is slowly lowered on top of a yellow ceramic coffee mug placed on a wooden table. Static shot with no camera movement.,/opt/hpcaas/.mounts/fs-072917c00f01ae1ba/home/yjianhao/project/video_guidance/frames/0188_switch-frames_anyFPS_perspective-center_trimmed-weight-on-ceramic.jpg
A 30lb kettlebell is slowly lowered on top of a yellow ceramic coffee mug placed on a wooden table. Static shot with no camera movement.,/opt/hpcaas/.mounts/fs-072917c00f01ae1ba/home/yjianhao/project/video_guidance/frames/0189_switch-frames_anyFPS_perspective-right_trimmed-weight-on-ceramic.jpg
A 30lb kettlebell is slowly lowered onto a white styrofoam cup placed on a wooden table on its side. Static shot with no camera movement.,/opt/hpcaas/.mounts/fs-072917c00f01ae1ba/home/yjianhao/project/video_guidance/frames/0190_switch-frames_anyFPS_perspective-left_trimmed-weight-on-paper.jpg
A 30lb kettlebell is slowly lowered onto a white styrofoam cup placed on a wooden table on its side. Static shot with no camera movement.,/opt/hpcaas/.mounts/fs-072917c00f01ae1ba/home/yjianhao/project/video_guidance/frames/0191_switch-frames_anyFPS_perspective-center_trimmed-weight-on-paper.jpg
A 30lb kettlebell is slowly lowered onto a white styrofoam cup placed on a wooden table on its side. Static shot with no camera movement.,/opt/hpcaas/.mounts/fs-072917c00f01ae1ba/home/yjianhao/project/video_guidance/frames/0192_switch-frames_anyFPS_perspective-right_trimmed-weight-on-paper.jpg
A 30lb kettlebell and a green piece of paper are lowered onto two pillows. Static shot with no camera movement.,/opt/hpcaas/.mounts/fs-072917c00f01ae1ba/home/yjianhao/project/video_guidance/frames/0193_switch-frames_anyFPS_perspective-left_trimmed-weight-on-pillow.jpg
A 30lb kettlebell and a green piece of paper are lowered onto two pillows. Static shot with no camera movement.,/opt/hpcaas/.mounts/fs-072917c00f01ae1ba/home/yjianhao/project/video_guidance/frames/0194_switch-frames_anyFPS_perspective-center_trimmed-weight-on-pillow.jpg
A 30lb kettlebell and a green piece of paper are lowered onto two pillows. Static shot with no camera movement.,/opt/hpcaas/.mounts/fs-072917c00f01ae1ba/home/yjianhao/project/video_guidance/frames/0195_switch-frames_anyFPS_perspective-right_trimmed-weight-on-pillow.jpg
A light beige coffee table with a black kettlebell and a yellow rubber duck on it. A grey tennis ball rolls out of the black tube sitting on the table and towards the duck and kettlebell. Static shot with no camera movement.,/opt/hpcaas/.mounts/fs-072917c00f01ae1ba/home/yjianhao/project/video_guidance/frames/0196_switch-frames_anyFPS_perspective-left_trimmed-weight-protects-duck.jpg
A light beige coffee table with a black kettlebell and a yellow rubber duck on it. A grey tennis ball rolls out of the black tube sitting on the table and towards the duck and kettlebell. Static shot with no camera movement.,/opt/hpcaas/.mounts/fs-072917c00f01ae1ba/home/yjianhao/project/video_guidance/frames/0197_switch-frames_anyFPS_perspective-center_trimmed-weight-protects-duck.jpg
A light beige coffee table with a black kettlebell and a yellow rubber duck on it. A grey tennis ball rolls out of the black tube sitting on the table and towards the duck and kettlebell. Static shot with no camera movement.,/opt/hpcaas/.mounts/fs-072917c00f01ae1ba/home/yjianhao/project/video_guidance/frames/0198_switch-frames_anyFPS_perspective-right_trimmed-weight-protects-duck.jpg
