caption,videopath
a cow bending down to drink water from a river,/home/yjianhao/project/video_guidance/generated_videos/subject_consistency/rejection_f33_s50_w8c6_a10_cfg5.0_0701_2111/a_cow_bending_down_to_drink_water_from_a_river.mp4
an elephant spraying itself with water using its t,/home/yjianhao/project/video_guidance/generated_videos/subject_consistency/rejection_f33_s50_w8c6_a10_cfg5.0_0701_2111/an_elephant_spraying_itself_with_water_using_its_t.mp4
a person walking in the snowstorm,/home/yjianhao/project/video_guidance/generated_videos/subject_consistency/rejection_f33_s50_w8c6_a10_cfg5.0_0701_2111/a_person_walking_in_the_snowstorm.mp4
a truck accelerating to gain speed,/home/yjianhao/project/video_guidance/generated_videos/subject_consistency/rejection_f33_s50_w8c6_a10_cfg5.0_0701_2111/a_truck_accelerating_to_gain_speed.mp4
a giraffe taking a peaceful walk,/home/yjianhao/project/video_guidance/generated_videos/subject_consistency/rejection_f33_s50_w8c6_a10_cfg5.0_0701_2111/a_giraffe_taking_a_peaceful_walk.mp4
a dog enjoying a peaceful walk,/home/yjianhao/project/video_guidance/generated_videos/subject_consistency/rejection_f33_s50_w8c6_a10_cfg5.0_0701_2111/a_dog_enjoying_a_peaceful_walk.mp4
a person swimming in ocean,/home/yjianhao/project/video_guidance/generated_videos/subject_consistency/rejection_f33_s50_w8c6_a10_cfg5.0_0701_2111/a_person_swimming_in_ocean.mp4
a bus accelerating to gain speed,/home/yjianhao/project/video_guidance/generated_videos/subject_consistency/rejection_f33_s50_w8c6_a10_cfg5.0_0701_2111/a_bus_accelerating_to_gain_speed.mp4
a bird building a nest from twigs and leaves,/home/yjianhao/project/video_guidance/generated_videos/subject_consistency/rejection_f33_s50_w8c6_a10_cfg5.0_0701_2111/a_bird_building_a_nest_from_twigs_and_leaves.mp4
a bear hunting for prey,/home/yjianhao/project/video_guidance/generated_videos/subject_consistency/rejection_f33_s50_w8c6_a10_cfg5.0_0701_2111/a_bear_hunting_for_prey.mp4
a person playing guitar,/home/yjianhao/project/video_guidance/generated_videos/subject_consistency/rejection_f33_s50_w8c6_a10_cfg5.0_0701_2111/a_person_playing_guitar.mp4
a bicycle gliding through a snowy field,/home/yjianhao/project/video_guidance/generated_videos/subject_consistency/rejection_f33_s50_w8c6_a10_cfg5.0_0701_2111/a_bicycle_gliding_through_a_snowy_field.mp4
a dog drinking water,/home/yjianhao/project/video_guidance/generated_videos/subject_consistency/rejection_f33_s50_w8c6_a10_cfg5.0_0701_2111/a_dog_drinking_water.mp4
a cow chewing cud while resting in a tranquil barn,/home/yjianhao/project/video_guidance/generated_videos/subject_consistency/rejection_f33_s50_w8c6_a10_cfg5.0_0701_2111/a_cow_chewing_cud_while_resting_in_a_tranquil_barn.mp4
a cat grooming itself meticulously with its tongue,/home/yjianhao/project/video_guidance/generated_videos/subject_consistency/rejection_f33_s50_w8c6_a10_cfg5.0_0701_2111/a_cat_grooming_itself_meticulously_with_its_tongue.mp4
a car accelerating to gain speed,/home/yjianhao/project/video_guidance/generated_videos/subject_consistency/rejection_f33_s50_w8c6_a10_cfg5.0_0701_2111/a_car_accelerating_to_gain_speed.mp4
a horse running to join a herd of its kind,/home/yjianhao/project/video_guidance/generated_videos/subject_consistency/rejection_f33_s50_w8c6_a10_cfg5.0_0701_2111/a_horse_running_to_join_a_herd_of_its_kind.mp4
a bear sniffing the air for scents of food,/home/yjianhao/project/video_guidance/generated_videos/subject_consistency/rejection_f33_s50_w8c6_a10_cfg5.0_0701_2111/a_bear_sniffing_the_air_for_scents_of_food.mp4
a motorcycle slowing down to stop,/home/yjianhao/project/video_guidance/generated_videos/subject_consistency/rejection_f33_s50_w8c6_a10_cfg5.0_0701_2111/a_motorcycle_slowing_down_to_stop.mp4
a bird flying over a snowy forest,/home/yjianhao/project/video_guidance/generated_videos/subject_consistency/rejection_f33_s50_w8c6_a10_cfg5.0_0701_2111/a_bird_flying_over_a_snowy_forest.mp4
a sheep bending down to drink water from a river,/home/yjianhao/project/video_guidance/generated_videos/subject_consistency/rejection_f33_s50_w8c6_a10_cfg5.0_0701_2111/a_sheep_bending_down_to_drink_water_from_a_river.mp4
a boat slowing down to stop,/home/yjianhao/project/video_guidance/generated_videos/subject_consistency/rejection_f33_s50_w8c6_a10_cfg5.0_0701_2111/a_boat_slowing_down_to_stop.mp4
a cow running to join a herd of its kind,/home/yjianhao/project/video_guidance/generated_videos/subject_consistency/rejection_f33_s50_w8c6_a10_cfg5.0_0701_2111/a_cow_running_to_join_a_herd_of_its_kind.mp4
a person drinking coffee in a cafe,/home/yjianhao/project/video_guidance/generated_videos/subject_consistency/rejection_f33_s50_w8c6_a10_cfg5.0_0701_2111/a_person_drinking_coffee_in_a_cafe.mp4
a cat drinking water,/home/yjianhao/project/video_guidance/generated_videos/subject_consistency/rejection_f33_s50_w8c6_a10_cfg5.0_0701_2111/a_cat_drinking_water.mp4
an airplane accelerating to gain speed,/home/yjianhao/project/video_guidance/generated_videos/subject_consistency/rejection_f33_s50_w8c6_a10_cfg5.0_0701_2111/an_airplane_accelerating_to_gain_speed.mp4
a bicycle slowing down to stop,/home/yjianhao/project/video_guidance/generated_videos/subject_consistency/rejection_f33_s50_w8c6_a10_cfg5.0_0701_2111/a_bicycle_slowing_down_to_stop.mp4
a bus stuck in traffic during rush hour,/home/yjianhao/project/video_guidance/generated_videos/subject_consistency/rejection_f33_s50_w8c6_a10_cfg5.0_0701_2111/a_bus_stuck_in_traffic_during_rush_hour.mp4
a train accelerating to gain speed,/home/yjianhao/project/video_guidance/generated_videos/subject_consistency/rejection_f33_s50_w8c6_a10_cfg5.0_0701_2111/a_train_accelerating_to_gain_speed.mp4
a motorcycle cruising along a coastal highway,/home/yjianhao/project/video_guidance/generated_videos/subject_consistency/rejection_f33_s50_w8c6_a10_cfg5.0_0701_2111/a_motorcycle_cruising_along_a_coastal_highway.mp4
a person washing the dishes,/home/yjianhao/project/video_guidance/generated_videos/subject_consistency/rejection_f33_s50_w8c6_a10_cfg5.0_0701_2111/a_person_washing_the_dishes.mp4
a truck anchored in a tranquil bay,/home/yjianhao/project/video_guidance/generated_videos/subject_consistency/rejection_f33_s50_w8c6_a10_cfg5.0_0701_2111/a_truck_anchored_in_a_tranquil_bay.mp4
a truck stuck in traffic during rush hour,/home/yjianhao/project/video_guidance/generated_videos/subject_consistency/rejection_f33_s50_w8c6_a10_cfg5.0_0701_2111/a_truck_stuck_in_traffic_during_rush_hour.mp4
a train crossing over a tall bridge,/home/yjianhao/project/video_guidance/generated_videos/subject_consistency/rejection_f33_s50_w8c6_a10_cfg5.0_0701_2111/a_train_crossing_over_a_tall_bridge.mp4
a sheep running to join a herd of its kind,/home/yjianhao/project/video_guidance/generated_videos/subject_consistency/rejection_f33_s50_w8c6_a10_cfg5.0_0701_2111/a_sheep_running_to_join_a_herd_of_its_kind.mp4
a motorcycle gliding through a snowy field,/home/yjianhao/project/video_guidance/generated_videos/subject_consistency/rejection_f33_s50_w8c6_a10_cfg5.0_0701_2111/a_motorcycle_gliding_through_a_snowy_field.mp4
a horse taking a peaceful walk,/home/yjianhao/project/video_guidance/generated_videos/subject_consistency/rejection_f33_s50_w8c6_a10_cfg5.0_0701_2111/a_horse_taking_a_peaceful_walk.mp4
a bicycle leaning against a tree,/home/yjianhao/project/video_guidance/generated_videos/subject_consistency/rejection_f33_s50_w8c6_a10_cfg5.0_0701_2111/a_bicycle_leaning_against_a_tree.mp4
an airplane taking off,/home/yjianhao/project/video_guidance/generated_videos/subject_consistency/rejection_f33_s50_w8c6_a10_cfg5.0_0701_2111/an_airplane_taking_off.mp4
a bird soaring gracefully in the sky,/home/yjianhao/project/video_guidance/generated_videos/subject_consistency/rejection_f33_s50_w8c6_a10_cfg5.0_0701_2111/a_bird_soaring_gracefully_in_the_sky.mp4
an elephant taking a peaceful walk,/home/yjianhao/project/video_guidance/generated_videos/subject_consistency/rejection_f33_s50_w8c6_a10_cfg5.0_0701_2111/an_elephant_taking_a_peaceful_walk.mp4
a motorcycle turning a corner,/home/yjianhao/project/video_guidance/generated_videos/subject_consistency/rejection_f33_s50_w8c6_a10_cfg5.0_0701_2111/a_motorcycle_turning_a_corner.mp4
a horse galloping across an open field,/home/yjianhao/project/video_guidance/generated_videos/subject_consistency/rejection_f33_s50_w8c6_a10_cfg5.0_0701_2111/a_horse_galloping_across_an_open_field.mp4
a giraffe bending down to drink water from a river,/home/yjianhao/project/video_guidance/generated_videos/subject_consistency/rejection_f33_s50_w8c6_a10_cfg5.0_0701_2111/a_giraffe_bending_down_to_drink_water_from_a_river.mp4
a boat accelerating to gain speed,/home/yjianhao/project/video_guidance/generated_videos/subject_consistency/rejection_f33_s50_w8c6_a10_cfg5.0_0701_2111/a_boat_accelerating_to_gain_speed.mp4
a truck slowing down to stop,/home/yjianhao/project/video_guidance/generated_videos/subject_consistency/rejection_f33_s50_w8c6_a10_cfg5.0_0701_2111/a_truck_slowing_down_to_stop.mp4
a bicycle accelerating to gain speed,/home/yjianhao/project/video_guidance/generated_videos/subject_consistency/rejection_f33_s50_w8c6_a10_cfg5.0_0701_2111/a_bicycle_accelerating_to_gain_speed.mp4
a bus turning a corner,/home/yjianhao/project/video_guidance/generated_videos/subject_consistency/rejection_f33_s50_w8c6_a10_cfg5.0_0701_2111/a_bus_turning_a_corner.mp4
an elephant running to join a herd of its kind,/home/yjianhao/project/video_guidance/generated_videos/subject_consistency/rejection_f33_s50_w8c6_a10_cfg5.0_0701_2111/an_elephant_running_to_join_a_herd_of_its_kind.mp4
a dog playing in park,/home/yjianhao/project/video_guidance/generated_videos/subject_consistency/rejection_f33_s50_w8c6_a10_cfg5.0_0701_2111/a_dog_playing_in_park.mp4
a motorcycle accelerating to gain speed,/home/yjianhao/project/video_guidance/generated_videos/subject_consistency/rejection_f33_s50_w8c6_a10_cfg5.0_0701_2111/a_motorcycle_accelerating_to_gain_speed.mp4
a bear climbing a tree,/home/yjianhao/project/video_guidance/generated_videos/subject_consistency/rejection_f33_s50_w8c6_a10_cfg5.0_0701_2111/a_bear_climbing_a_tree.mp4
a bear catching a salmon in its powerful jaws,/home/yjianhao/project/video_guidance/generated_videos/subject_consistency/rejection_f33_s50_w8c6_a10_cfg5.0_0701_2111/a_bear_catching_a_salmon_in_its_powerful_jaws.mp4
a sheep taking a peaceful walk,/home/yjianhao/project/video_guidance/generated_videos/subject_consistency/rejection_f33_s50_w8c6_a10_cfg5.0_0701_2111/a_sheep_taking_a_peaceful_walk.mp4
an airplane soaring through a clear blue sky,/home/yjianhao/project/video_guidance/generated_videos/subject_consistency/rejection_f33_s50_w8c6_a10_cfg5.0_0701_2111/an_airplane_soaring_through_a_clear_blue_sky.mp4
a boat sailing smoothly on a calm lake,/home/yjianhao/project/video_guidance/generated_videos/subject_consistency/rejection_f33_s50_w8c6_a10_cfg5.0_0701_2111/a_boat_sailing_smoothly_on_a_calm_lake.mp4
a cat playing in park,/home/yjianhao/project/video_guidance/generated_videos/subject_consistency/rejection_f33_s50_w8c6_a10_cfg5.0_0701_2111/a_cat_playing_in_park.mp4
a person giving a presentation to a room full of c,/home/yjianhao/project/video_guidance/generated_videos/subject_consistency/rejection_f33_s50_w8c6_a10_cfg5.0_0701_2111/a_person_giving_a_presentation_to_a_room_full_of_c.mp4
a zebra taking a peaceful walk,/home/yjianhao/project/video_guidance/generated_videos/subject_consistency/rejection_f33_s50_w8c6_a10_cfg5.0_0701_2111/a_zebra_taking_a_peaceful_walk.mp4
a zebra running to join a herd of its kind,/home/yjianhao/project/video_guidance/generated_videos/subject_consistency/rejection_f33_s50_w8c6_a10_cfg5.0_0701_2111/a_zebra_running_to_join_a_herd_of_its_kind.mp4
a car turning a corner,/home/yjianhao/project/video_guidance/generated_videos/subject_consistency/rejection_f33_s50_w8c6_a10_cfg5.0_0701_2111/a_car_turning_a_corner.mp4
a train speeding down the tracks,/home/yjianhao/project/video_guidance/generated_videos/subject_consistency/rejection_f33_s50_w8c6_a10_cfg5.0_0701_2111/a_train_speeding_down_the_tracks.mp4
a car stuck in traffic during rush hour,/home/yjianhao/project/video_guidance/generated_videos/subject_consistency/rejection_f33_s50_w8c6_a10_cfg5.0_0701_2111/a_car_stuck_in_traffic_during_rush_hour.mp4
an airplane landing smoothly on a runway,/home/yjianhao/project/video_guidance/generated_videos/subject_consistency/rejection_f33_s50_w8c6_a10_cfg5.0_0701_2111/an_airplane_landing_smoothly_on_a_runway.mp4
a car slowing down to stop,/home/yjianhao/project/video_guidance/generated_videos/subject_consistency/rejection_f33_s50_w8c6_a10_cfg5.0_0701_2111/a_car_slowing_down_to_stop.mp4
a person eating a burger,/home/yjianhao/project/video_guidance/generated_videos/subject_consistency/rejection_f33_s50_w8c6_a10_cfg5.0_0701_2111/a_person_eating_a_burger.mp4
a cat running happily,/home/yjianhao/project/video_guidance/generated_videos/subject_consistency/rejection_f33_s50_w8c6_a10_cfg5.0_0701_2111/a_cat_running_happily.mp4
a truck turning a corner,/home/yjianhao/project/video_guidance/generated_videos/subject_consistency/rejection_f33_s50_w8c6_a10_cfg5.0_0701_2111/a_truck_turning_a_corner.mp4
a horse bending down to drink water from a river,/home/yjianhao/project/video_guidance/generated_videos/subject_consistency/rejection_f33_s50_w8c6_a10_cfg5.0_0701_2111/a_horse_bending_down_to_drink_water_from_a_river.mp4
a zebra bending down to drink water from a river,/home/yjianhao/project/video_guidance/generated_videos/subject_consistency/rejection_f33_s50_w8c6_a10_cfg5.0_0701_2111/a_zebra_bending_down_to_drink_water_from_a_river.mp4
a giraffe running to join a herd of its kind,/home/yjianhao/project/video_guidance/generated_videos/subject_consistency/rejection_f33_s50_w8c6_a10_cfg5.0_0701_2111/a_giraffe_running_to_join_a_herd_of_its_kind.mp4
a dog running happily,/home/yjianhao/project/video_guidance/generated_videos/subject_consistency/rejection_f33_s50_w8c6_a10_cfg5.0_0701_2111/a_dog_running_happily.mp4
